{
  "results": [
    {
      "beta": 1.0,
      "disentanglement_accuracy": 0.292,
      "mutual_information": [
        [
          0.2049030804136001,
          0.44936207552844715,
          0.5139214358602097,
          0.37462074853553007,
          0.4340985807867496
        ],
        [
          0.3556409360632631,
          0.6014187634363837,
          0.4828836039152075,
          0.4347464909352988,
          0.41808681282713933
        ],
        [
          0.2475719898705017,
          0.43745553216597455,
          0.4740562860205273,
          0.28694371007808084,
          0.3891687163021476
        ],
        [
          0.36551542960233707,
          0.5445044842762945,
          0.8879885583386645,
          0.46936393606564997,
          0.44740773807621315
        ],
        [
          0.4145160245487771,
          0.4557350789322751,
          0.46749869869154276,
          0.4052480710091203,
          0.41146565530029244
        ],
        [
          0.30244958503397745,
          0.5613854042469432,
          0.5105185085696649,
          0.36640602426601193,
          0.45629912684721147
        ],
        [
          0.3329079026401938,
          0.587405954605328,
          0.597753633260266,
          0.44198097094737254,
          0.42108700792773457
        ],
        [
          0.2830488356407714,
          0.5271126073282273,
          0.49265855684579635,
          0.5404725046339318,
          0.4316971312422372
        ],
        [
          0.3761076783789471,
          0.5132195883012567,
          0.4675545804785802,
          0.3652419518827742,
          0.447160902928286
        ],
        [
          0.4104600222417899,
          0.6946588929126624,
          0.5359593828476258,
          0.42183327772893187,
          0.47251736588126453
        ]
      ]
    },
    {
      "beta": 4.0,
      "disentanglement_accuracy": 0.296,
      "mutual_information": [
        [
          0.2959022946422584,
          0.4000459935615738,
          0.4100343424779894,
          0.46154346832616233,
          0.4252746597956969
        ],
        [
          0.27951463429873863,
          0.4367795628543576,
          0.463539195053039,
          0.35355507360382576,
          0.36560868975856653
        ],
        [
          0.33148749281070655,
          0.458790299239767,
          0.45606185699493507,
          0.3834670263653859,
          0.43280967812365323
        ],
        [
          0.310101415194355,
          0.43139435276970367,
          0.48803460783478003,
          0.5289711234359078,
          0.38721669378255036
        ],
        [
          0.15013336499021337,
          0.5368170990127791,
          0.4586243800342005,
          0.3996356019560541,
          0.38433365356581106
        ],
        [
          0.2281214215322283,
          0.5849635459849145,
          0.4305504682972774,
          0.3365064753465774,
          0.3870183468457291
        ],
        [
          0.3112551053415119,
          0.5354457734671735,
          0.44801663136593367,
          0.36330910033646635,
          0.41600283591938425
        ],
        [
          0.2518800181913428,
          0.5218489796782585,
          0.5715579490299897,
          0.4017751701525428,
          0.41675763016677325
        ],
        [
          0.19315647615251402,
          0.7235021452301847,
          0.5171487935197692,
          0.4173628693049703,
          0.42453950698002335
        ],
        [
          0.19451282280861612,
          0.5255126657293984,
          0.9747317516856315,
          0.46861754133376354,
          0.48508023671696754
        ]
      ]
    }
  ],
  "total_time_min": 2.3
}